iteration,time,Psi_true_deg,yaw_mes_1,yaw_mes_2
0,1.0,-9.49e-17,0.10608573799902388,180.10608573799902
1,2.0,-6.81e-16,359.8053829921425,179.80538299214254
2,3.0,-2.21e-15,0.2785466233351457,180.27854662333516
3,4.0,-3.29e-15,359.869188025409,179.86918802540902
4,5.0,-4.94e-15,0.0043858394432589876,180.00438583944327
5,6.0,-7.6e-15,359.7088882763011,179.70888827630108
6,7.0,-8.79e-15,359.9616267025824,179.9616267025824
7,8.0,-9.25e-15,359.9355596901096,179.93555969010959
8,9.0,-1.06e-14,0.27330918934598003,180.27330918934598
9,10.0,-1.13e-14,359.95848956659995,179.95848956659995
10,11.0,-1.17e-14,359.4111851643499,179.41118516434994
11,12.0,-1.28e-14,0.33409898635670743,180.3340989863567
12,13.0,-1.4e-14,0.29646835562374463,180.29646835562374
13,14.0,-1.79e-14,359.84164636399294,179.84164636399294
14,15.0,-2.03e-14,0.17650993276429006,180.1765099327643
15,16.0,-2.2e-14,0.2461028200276445,180.24610282002766
16,17.0,-2.13e-14,359.94559166967986,179.94559166967986
17,18.0,-2.07e-14,359.67729189469446,179.67729189469446
18,19.0,-2.21e-14,359.78916409525544,179.7891640952555
19,20.0,-2.71e-14,359.669640875726,179.66964087572592
20,21.0,-3.29e-14,0.3088285704414062,180.3088285704414
21,22.0,-3.88e-14,0.15311400988078105,180.15311400988077
22,23.0,-4.37e-14,359.7378298614044,179.7378298614044
23,24.0,-4.93e-14,0.31182195026710247,180.3118219502671
24,25.0,-5.31e-14,359.87322008194326,179.87322008194326
25,26.0,-5.7e-14,0.472595758392103,180.47259575839212
26,27.0,-6.17e-14,0.3142088167634114,180.31420881676343
27,28.0,-6.89e-14,359.8772871094168,179.87728710941678
28,29.0,-7.71e-14,359.8995062576806,179.89950625768063
29,30.0,-8.56e-14,359.9300050393293,179.93000503932922
30,31.0,-9.24e-14,359.9999579300945,179.99995793009452
31,32.0,-9.89e-14,359.9767636494204,179.97676364942038
32,33.0,-1.07e-13,359.89717924217575,179.89717924217575
33,34.0,-1.17e-13,0.12699403482226046,180.12699403482225
34,35.0,-1.27e-13,0.15372879131912498,180.1537287913191
35,36.0,-1.37e-13,359.83204906261096,179.83204906261096
36,37.0,-1.49e-13,359.96115797181994,179.96115797181994
37,38.0,-1.61e-13,359.7143832199206,179.7143832199206
38,39.0,-1.72e-13,0.3991274609932418,180.39912746099324
39,40.0,-1.81e-13,359.7943258391761,179.79432583917605
40,41.0,-1.91e-13,359.9308154234807,179.93081542348068
41,42.0,-2.01e-13,0.002172526135225894,180.0021725261352
42,43.0,-2.14e-13,359.666520427639,179.66652042763894
43,44.0,-2.28e-13,0.06672093321321881,180.06672093321322
44,45.0,-2.45e-13,0.35203373592588605,180.3520337359259
45,46.0,-2.65e-13,0.0635406417817137,180.0635406417817
46,47.0,-2.86e-13,0.09608098266734544,180.09608098266733
47,48.0,-3.07e-13,359.95314351273817,179.95314351273817
48,49.0,-3.28e-13,0.08216180177700494,180.082161801777
49,50.0,-3.47e-13,0.1709792618383119,180.1709792618383
50,51.0,-3.64e-13,0.29135889732467035,180.29135889732467
51,52.0,-3.77e-13,0.10911968745288902,180.1091196874529
52,53.0,-3.87e-13,359.86521794364864,179.86521794364864
53,54.0,-3.95e-13,0.030469980344093983,180.0304699803441
54,55.0,-4.01e-13,359.89212785190796,179.89212785190796
55,56.0,-4.04e-13,359.9354784606123,179.93547846061233
56,57.0,-4.07e-13,359.9529285449538,179.9529285449538
57,58.0,-4.07e-13,359.9630644963826,179.96306449638257
58,59.0,-4.05e-13,359.8307365433443,179.8307365433443
59,60.0,-4.02e-13,359.9484606246794,179.94846062467946
60,61.0,-3.98e-13,0.26202570613916976,180.26202570613918
61,62.0,-3.97e-13,0.09157184292089937,180.0915718429209
62,63.0,-3.94e-13,0.07599329333331184,180.0759932933333
63,64.0,-3.9e-13,0.03929091706031329,180.03929091706033
64,65.0,-3.85e-13,0.13121391641711,180.1312139164171
65,66.0,-3.79e-13,0.37794450897492027,180.3779445089749
66,67.0,-3.73e-13,0.19800409751124448,180.19800409751124
67,68.0,-3.68e-13,359.8583488368164,179.8583488368164
68,69.0,-3.63e-13,0.10861401338232213,180.10861401338232
69,70.0,-3.57e-13,0.16704926056485192,180.16704926056485
70,71.0,-3.49e-13,0.5890163602941669,180.58901636029418
71,72.0,-3.42e-13,359.94319901442816,179.94319901442816
72,73.0,-3.34e-13,0.49948179572150764,180.49948179572152
73,74.0,-3.26e-13,0.14321290985481028,180.1432129098548
74,75.0,-3.17e-13,359.9797316970206,179.9797316970206
75,76.0,-3.11e-13,359.96394412677074,179.96394412677068
76,77.0,-3.04e-13,359.67137376013875,179.67137376013875
77,78.0,-2.98e-13,359.8179625373225,179.8179625373225
78,79.0,-2.92e-13,0.3059532772714135,180.3059532772714
79,80.0,-2.83e-13,359.92621079700325,179.92621079700325
80,81.0,-2.76e-13,359.8391902875243,179.83919028752427
81,82.0,-2.69e-13,0.05846454749777763,180.05846454749778
82,83.0,-2.65e-13,0.05254930915236855,180.05254930915237
83,84.0,-2.6e-13,0.08676154803136171,180.08676154803135
84,85.0,-2.55e-13,359.89187292733794,179.891872927338
85,86.0,-2.5e-13,359.7978903841995,179.7978903841995
86,87.0,-2.45e-13,359.8662541053698,179.86625410536976
87,88.0,-2.4e-13,0.03596513506595045,180.03596513506596
88,89.0,-2.34e-13,359.88984456017215,179.88984456017215
89,90.0,-2.24e-13,0.211682403170542,180.21168240317053
90,91.0,-2.1e-13,359.8647116942202,179.8647116942202
91,92.0,-1.99e-13,359.6624064159177,179.66240641591776
92,93.0,-1.87e-13,0.32221348028498653,180.32221348028497
93,94.0,-1.76e-13,0.4335393365176685,180.43353933651767
94,95.0,-1.65e-13,359.84185605544263,179.84185605544258
95,96.0,-1.51e-13,0.07881341311275492,180.07881341311275
96,97.0,-1.36e-13,0.019431465678351856,180.01943146567834
97,98.0,-1.23e-13,0.27517081624534967,180.27517081624535
98,99.0,-1.12e-13,359.633495114398,179.633495114398
99,100.0,-1.02e-13,0.09002615743477804,180.09002615743478
100,101.0,0.003413902,0.30744912811162806,180.3074491281116
101,102.0,0.004854657,359.5895015967076,179.58950159670758
102,103.0,0.004383656,359.92874376800654,179.9287437680066
103,104.0,0.003071842,0.044672780712687654,180.0446727807127
104,105.0,0.00158714,359.8491552077936,179.84915520779361
105,106.0,0.000272,0.4937590989111129,180.4937590989111
106,107.0,-0.00074,359.9962327563444,179.9962327563444
107,108.0,-0.001436788,359.68073355059937,179.68073355059937
108,109.0,-0.001855919,359.7314102939911,179.73141029399108
109,110.0,-0.002055867,359.93746061797367,179.93746061797367
110,111.0,-0.002094935,359.8906659181003,179.89066591810024
111,112.0,-0.002023743,359.84982066626185,179.84982066626185
112,113.0,-0.001882743,359.60094476827743,179.6009447682775
113,114.0,-0.001702442,359.7586111058629,179.75861110586288
114,115.0,-0.001504763,0.16352474008299112,180.163524740083
115,116.0,-0.001304739,0.24477292895289793,180.2447729289529
116,117.0,-0.001112134,359.5960755718021,179.5960755718021
117,118.0,-0.000933,0.06978111728349745,180.0697811172835
118,119.0,-0.00077,359.50028313375435,179.50028313375435
119,120.0,-0.000625,359.9766839110162,179.97668391101615
120,121.0,-0.000497,359.7924204945077,179.79242049450772
121,122.0,-0.000387,359.6363873799783,179.63638737997826
122,123.0,-0.000292,0.1631332083253909,180.1631332083254
123,124.0,-0.000212,359.6871749553791,179.68717495537908
124,125.0,-0.000144,0.48123943327570373,180.4812394332757
125,126.0,-8.81e-05,359.7055513375541,179.70555133755408
126,127.0,-4.17e-05,0.39861264126085416,180.39861264126085
127,128.0,-3.73e-06,0.04534827186859047,180.0453482718686
128,129.0,2.69e-05,0.11222942608965525,180.11222942608964
129,130.0,5.13e-05,0.16321111901042684,180.16321111901044
130,131.0,7.04e-05,0.1877688173637182,180.18776881736372
131,132.0,8.5e-05,359.68256388481126,179.68256388481132
132,133.0,9.6e-05,359.8703995110235,179.8703995110235
133,134.0,0.000104,0.05475469605175931,180.05475469605176
134,135.0,0.000109,0.044886586748447144,180.04488658674845
135,136.0,0.000112,359.97823666650953,179.97823666650947
136,137.0,0.000114,0.2722500571062483,180.27225005710625
137,138.0,0.000114,0.1903299026117793,180.19032990261178
138,139.0,0.000113,0.107836211931982,180.10783621193198
139,140.0,0.000111,359.77854972768137,179.77854972768137
140,141.0,0.000108,0.08370822106003573,180.08370822106002
141,142.0,0.000105,0.029781959383015533,180.029781959383
142,143.0,0.000102,0.11710849783135302,180.11710849783134
143,144.0,9.81e-05,359.94516183724687,179.94516183724681
144,145.0,9.43e-05,359.8293306228792,179.82933062287918
145,146.0,9.04e-05,359.84173968591915,179.84173968591915
146,147.0,8.66e-05,0.03508306447864129,180.03508306447864
147,148.0,8.27e-05,359.8581302392065,179.8581302392065
148,149.0,7.89e-05,359.8461387261813,179.84613872618138
149,150.0,7.52e-05,0.036282563469413276,180.0362825634694
150,151.0,-0.00357691,359.85932898257903,179.85932898257897
151,152.0,-0.0044749,359.61141361875355,179.61141361875355
152,153.0,-0.003629327,0.30242823591606793,180.30242823591607
153,154.0,-0.002261094,0.0017047796759896983,180.001704779676
154,155.0,-0.000927,0.042687361792857814,180.04268736179284
155,156.0,0.000151,0.5274387719058637,180.52743877190585
156,157.0,0.000922,0.06599188212361184,180.06599188212363
157,158.0,0.001413554,359.89184727554846,179.89184727554846
158,159.0,0.001678779,359.97356364463946,179.9735636446394
159,160.0,0.001776423,359.83107942231993,179.83107942231993
160,161.0,0.001758065,0.02635088838694344,180.02635088838696
161,162.0,0.001665055,359.69874288018923,179.69874288018923
162,163.0,0.001528501,359.769840432784,179.769840432784
163,164.0,0.001370658,359.83533556985066,179.8353355698507
164,165.0,0.001206724,359.6443044524434,179.6443044524434
165,166.0,0.001046557,359.9689486390934,179.96894863909347
166,167.0,0.000896,359.78824332784455,179.7882433278446
167,168.0,0.000759,0.21709651477307546,180.21709651477306
168,169.0,0.000636,359.85392897707004,179.85392897707004
169,170.0,0.000527,359.7401874783223,179.74018747832224
170,171.0,0.000433,359.8953418325388,179.89534183253886
171,172.0,0.000351,0.055072826434624744,180.05507282643464
172,173.0,0.000281,0.27477482796278707,180.2747748279628
173,174.0,0.000222,0.10299192652297506,180.10299192652298
174,175.0,0.000172,359.93806629821614,179.9380662982162
175,176.0,0.00013,0.0705748416937837,180.07057484169377
176,177.0,9.54e-05,359.6348359311636,179.6348359311636
177,178.0,6.64e-05,359.6553762589035,179.65537625890352
178,179.0,4.25e-05,359.8994344708151,179.8994344708151
179,180.0,2.29e-05,359.85524390154234,179.85524390154228
180,181.0,6.98e-06,359.9350426358269,179.9350426358269
181,182.0,-5.92e-06,359.7391065949027,179.73910659490275
182,183.0,-1.62e-05,0.10585037383590645,180.1058503738359
183,184.0,-2.44e-05,359.8420591734144,179.84205917341433
184,185.0,-3.08e-05,0.30474211382841077,180.3047421138284
185,186.0,-3.58e-05,0.39467969157121274,180.3946796915712
186,187.0,-3.95e-05,359.8884281873244,179.8884281873244
187,188.0,-4.22e-05,359.66874942282107,179.66874942282107
188,189.0,-4.4e-05,359.94305642719104,179.9430564271911
189,190.0,-4.52e-05,0.05163029228451421,180.05163029228453
190,191.0,-4.59e-05,0.11094093479098888,180.110940934791
191,192.0,-4.61e-05,359.9546274014026,179.9546274014026
192,193.0,-4.6e-05,359.9985592955629,179.99855929556293
193,194.0,-4.56e-05,359.8786011122071,179.8786011122071
194,195.0,-4.5e-05,359.8040424558715,179.80404245587147
195,196.0,-4.43e-05,0.2821456042348416,180.28214560423484
196,197.0,-4.34e-05,0.16520603153520597,180.1652060315352
197,198.0,-4.24e-05,359.91271752022055,179.91271752022055
198,199.0,-4.14e-05,0.07091266267796925,180.07091266267798
199,200.0,-4.03e-05,0.2135421227190193,180.21354212271902
200,201.0,27.87747594,28.39011716614914,208.39011716614914
201,202.0,47.60586725,47.42698726148335,227.42698726148336
202,203.0,61.33839294,61.613575639893085,241.6135756398931
203,204.0,70.93737316,71.14652376683198,251.146523766832
204,205.0,77.67842378,77.6729531682635,257.6729531682635
205,206.0,82.43659336,82.7856742027855,262.7856742027855
206,207.0,85.81325124,85.97026595297523,265.97026595297524
207,208.0,88.22261533,88.68268515026982,268.68268515026983
208,209.0,89.95078168,90.05786026090438,270.05786026090436
209,210.0,91.19601587,90.95591185818226,270.9559118581823
210,211.0,92.09627197,91.98361784334732,271.9836178433473
211,212.0,92.74800342,92.97762901983502,272.97762901983504
212,213.0,93.219034,93.14832255425007,273.14832255425006
213,214.0,93.55737579,93.38360757664061,273.3836075766406
214,215.0,93.79727946,273.8979213697804,93.89792136978042
215,216.0,93.9633936,274.12928246371985,94.12928246371985
216,217.0,94.07363073,273.98712407673816,93.98712407673816
217,218.0,94.14114778,274.0520252377899,94.0520252377899
218,219.0,94.17571935,274.4653404344627,94.46534043446269
219,220.0,94.18469404,274.2718369295007,94.2718369295007
220,221.0,94.17366363,274.20956576734784,94.20956576734784
221,222.0,94.14693424,274.0350582890594,94.0350582890594
222,223.0,94.10786033,274.3803241457574,94.38032414575741
223,224.0,94.05908332,273.9696895810924,93.96968958109238
224,225.0,94.0027038,273.99183783059397,93.99183783059397
225,226.0,93.94040688,93.73221107045525,273.73221107045526
226,227.0,93.87355459,274.15317364832146,94.15317364832146
227,228.0,93.80325475,273.8004580610353,93.80045806103527
228,229.0,93.73041296,93.5843330906741,273.5843330906741
229,230.0,93.65577236,93.71744129702607,273.7174412970261
230,231.0,93.57994438,93.58242213575882,273.5824221357588
231,232.0,93.50343283,93.36937360346649,273.3693736034665
232,233.0,93.42665306,93.41837266855562,273.4183726685556
233,234.0,93.34994721,93.62067107179887,273.6206710717989
234,235.0,93.27359664,93.33250174803497,273.332501748035
235,236.0,93.19783199,93.12437353952605,273.12437353952606
236,237.0,93.12284149,93.291307341545,273.291307341545
237,238.0,93.04877783,93.41930274861242,273.41930274861244
238,239.0,92.97576389,93.21010290816322,273.2101029081632
239,240.0,92.90389745,93.07000999425061,273.0700099942506
240,241.0,92.83325521,92.89980369276869,272.89980369276867
241,242.0,92.76389616,92.60841960822948,272.6084196082295
242,243.0,92.69586439,93.21636199201238,273.21636199201237
243,244.0,92.6291915,92.34671902593202,272.34671902593203
244,245.0,92.56389857,92.49980698271592,272.49980698271594
245,246.0,92.49999794,92.96892488995259,272.9689248899526
246,247.0,92.43749459,92.75361809317322,272.7536180931732
247,248.0,92.37638742,92.24750379311372,272.2475037931137
248,249.0,92.31667025,92.9811764119144,272.9811764119144
249,250.0,92.25833272,92.66206064615783,272.66206064615784
250,251.0,64.3252156,64.23964553548619,244.2396455354862
251,252.0,44.54191855,44.69350283498322,224.69350283498324
252,253.0,30.75538539,30.519486866214706,210.51948686621472
253,254.0,21.10344341,21.180326349927526,201.18032634992753
254,255.0,14.31056512,13.988841204023785,193.9888412040238
255,256.0,9.501750276,9.438569799189068,189.43856979918905
256,257.0,6.075650876,6.204136053799246,186.20413605379923
257,258.0,3.618052449,3.948616627120259,183.94861662712026
258,259.0,1.842850542,1.707933720666162,181.70793372066618
259,260.0,0.551763574,0.8555630511018819,180.85556305110188
260,261.0,-0.393183417,359.74979157228864,179.7497915722886
261,262.0,-1.088467659,358.84674252232617,178.84674252232617
262,263.0,-1.601938461,358.27262705312467,178.27262705312467
263,264.0,-1.981634237,357.81113969579627,177.81113969579633
264,265.0,-2.261832306,357.863132222275,177.863132222275
265,266.0,-2.467207842,357.8245626775886,177.82456267758857
266,267.0,-2.615699641,357.1282892042619,177.12828920426182
267,268.0,-2.720490448,357.42595550797955,177.42595550797955
268,269.0,-2.791380169,357.03378900082043,177.03378900082043
269,270.0,-2.835742098,357.027047932035,177.02704793203498
270,271.0,-2.859192117,357.11663823524754,177.1166382352476
271,272.0,-2.866059825,357.08146091717396,177.0814609171739
272,273.0,-2.859722528,357.3863742394259,177.3863742394259
273,274.0,-2.842843928,357.30424444843345,177.30424444843345
274,275.0,-2.81754626,357.11123674959975,177.1112367495998
275,276.0,-2.785535715,357.34013680075066,177.34013680075066
276,277.0,-2.748194835,357.4103940537782,177.4103940537782
277,278.0,-2.706651411,357.0931278282659,177.0931278282659
278,279.0,-2.661830484,357.171790403298,177.17179040329802
279,280.0,-2.614494107,357.15372502738376,177.15372502738376
280,281.0,-2.565272125,357.6110855531466,177.6110855531466
281,282.0,-2.514686297,357.58938209610335,177.58938209610335
282,283.0,-2.463169419,357.62176619685744,177.62176619685738
283,284.0,-2.411080645,357.904158325094,177.90415832509393
284,285.0,-2.358717884,357.3362485199692,177.33624851996922
285,286.0,-2.306327905,357.9088004141046,177.90880041410458
286,287.0,-2.254114657,357.45980825405053,177.45980825405059
287,288.0,-2.202246135,358.33263072844903,178.33263072844898
288,289.0,-2.150860103,357.8304070762341,177.8304070762341
289,290.0,-2.100068867,357.86583454055983,177.86583454055983
290,291.0,-2.049963277,358.12846590616755,178.12846590616755
291,292.0,-2.000616099,358.08103337225793,178.08103337225793
292,293.0,-1.952084849,357.96406764854885,177.96406764854885
293,294.0,-1.904414194,358.2515337064464,178.25153370644648
294,295.0,-1.857637975,358.13884771275946,178.13884771275946
295,296.0,-1.811780932,358.12886817668596,178.12886817668596
296,297.0,-1.766860153,358.66191137309255,178.6619113730926
297,298.0,-1.722886313,357.9268391570028,177.92683915700286
298,299.0,-1.679864721,358.52852236147464,178.52852236147464
299,300.0,-1.637796207,358.16749210962894,178.16749210962894
