Time,RAW_File,Psi_mes_1,Psi_mes_2
19-34-06.792,polarized_001.raw,291.06248364430263,111.06248364430263
19-34-07.842,polarized_002.raw,291.63598135610454,111.63598135610454
19-34-08.911,polarized_003.raw,290.25021468306227,110.25021468306227
19-34-09.968,polarized_004.raw,290.36262956062814,110.36262956062814
19-34-10.999,polarized_005.raw,289.15659151841834,109.15659151841834
19-34-12.029,polarized_006.raw,291.3879255467826,111.38792554678258
19-34-13.064,polarized_007.raw,287.3450654563756,107.34506545637561
19-34-14.094,polarized_008.raw,288.95559340088323,108.95559340088323
19-34-15.127,polarized_009.raw,293.50834676996374,113.50834676996374
19-34-16.159,polarized_010.raw,287.72882724751133,107.72882724751133
19-34-17.190,polarized_011.raw,292.9360990434633,112.93609904346329
19-34-18.222,polarized_012.raw,291.01301041973784,111.01301041973784
19-34-19.262,polarized_013.raw,285.9577511938328,105.95775119383279
19-34-20.300,polarized_014.raw,294.24268578424585,114.24268578424585
19-34-21.336,polarized_015.raw,288.99016667442265,108.99016667442265
19-34-22.363,polarized_016.raw,287.94612820565015,107.94612820565015
19-34-23.388,polarized_017.raw,296.72345035810554,116.72345035810554
19-34-24.418,polarized_018.raw,286.2876207269576,106.28762072695758
19-34-25.450,polarized_019.raw,287.50881366568433,107.50881366568433
19-34-26.479,polarized_020.raw,291.5732010691083,111.57320106910828
