time,roll,pitch,yaw,rotation_angle_deg,rotation_axis_azimuth_deg
1,8.707881657,1.88E-17,-9.49E-17,7.720593475,3.51E+02
2,14.27884527,1.17E-16,-6.81E-16,13.81999234,3.57E+02
3,17.7314268,4.52E-16,-2.21E-15,17.95097048,1.07439632
4,19.83323364,6.59E-16,-3.29E-15,19.79420016,3.60E+02
5,21.07641376,1.09E-15,-4.94E-15,20.66332315,3.58E+02
6,21.77631342,1.91E-15,-7.60E-15,21.77543154,3.60E+02
7,22.13481359,2.15E-15,-8.79E-15,21.65816131,3.58E+02
8,22.28098974,2.09E-15,-9.25E-15,22.07103273,3.59E+02
9,22.29721319,2.39E-15,-1.06E-14,22.38529103,0.4119622
10,22.23590584,2.46E-15,-1.13E-14,22.05455248,3.59E+02
11,22.13029452,2.34E-15,-1.17E-14,22.38481134,1.176704721
12,22.00131306,2.56E-15,-1.28E-14,22.09733348,0.449323316
13,21.86203143,2.82E-15,-1.40E-14,22.25981287,1.822106556
14,21.72049725,4.14E-15,-1.79E-14,21.71410685,3.60E+02
15,21.58155825,4.87E-15,-2.03E-14,21.40812434,3.59E+02
16,21.44803059,5.33E-15,-2.20E-14,21.69066582,1.126379104
17,21.32144731,4.83E-15,-2.13E-14,20.83100459,3.58E+02
18,21.20253734,4.36E-15,-2.07E-14,21.05311316,3.59E+02
19,21.09153166,4.70E-15,-2.21E-14,20.75919281,3.58E+02
20,20.98835854,6.40E-15,-2.71E-14,21.0970578,0.511365101
21,20.89276775,8.39E-15,-3.29E-14,20.55935171,3.58E+02
22,20.80440905,1.04E-14,-3.88E-14,20.81868839,0.06777223
23,20.7228817,1.21E-14,-4.37E-14,20.84847905,0.591471254
24,20.64776517,1.40E-14,-4.93E-14,20.83646329,0.88499307
25,20.57863799,1.53E-14,-5.31E-14,20.88963731,1.446160832
26,20.51508905,1.66E-14,-5.70E-14,21.09984898,2.666647096
27,20.45672399,1.81E-14,-6.17E-14,21.06063058,2.751628711
28,20.40316871,2.07E-14,-6.89E-14,20.42725135,0.114672628
29,20.35407082,2.35E-14,-7.71E-14,20.43514068,0.384516447
30,20.30910003,2.65E-14,-8.56E-14,19.48426054,3.56E+02
31,20.26794782,2.89E-14,-9.24E-14,20.05590856,3.59E+02
32,20.23032662,3.12E-14,-9.89E-14,20.1927668,3.60E+02
33,20.19596888,3.41E-14,-1.07E-13,19.95693899,3.59E+02
34,20.16462593,3.75E-14,-1.17E-13,19.7734318,3.58E+02
35,20.13606685,4.12E-14,-1.27E-13,19.74566635,3.58E+02
36,20.11007735,4.48E-14,-1.37E-13,20.04924522,3.60E+02
37,20.08645863,4.90E-14,-1.49E-13,20.51018741,1.96E+00
38,20.06502639,5.33E-14,-1.61E-13,20.02871661,3.60E+02
39,20.04560976,5.70E-14,-1.72E-13,20.00072568,3.60E+02
40,20.02805041,6.04E-14,-1.81E-13,19.95990505,3.60E+02
41,20.01220165,6.36E-14,-1.91E-13,20.00444171,3.60E+02
42,19.99792761,6.74E-14,-2.01E-13,19.48356609,3.57E+02
43,19.98510246,7.19E-14,-2.14E-13,19.27031939,3.56E+02
44,19.97360969,7.69E-14,-2.28E-13,19.6782441,3.59E+02
45,19.96334145,8.31E-14,-2.45E-13,19.72356067,3.59E+02
46,19.95419794,9.02E-14,-2.65E-13,20.00759874,2.55E-01
47,19.94608681,9.75E-14,-2.86E-13,20.01982338,3.52E-01
48,19.93892263,1.05E-13,-3.07E-13,20.0922562,7.27E-01
49,19.9326264,1.13E-13,-3.28E-13,20.29590357,1.69E+00
50,19.92712507,1.20E-13,-3.47E-13,19.98340018,2.69E-01
51,11.20283089,1.25E-13,-3.64E-13,10.60325232,3.56E+02
52,5.632139621,1.30E-13,-3.77E-13,5.853693787,2.37E+00
53,2.178853314,1.34E-13,-3.87E-13,1.882245137,3.50E+02
54,0.075879716,1.38E-13,-3.95E-13,0.618463319,4.02E+01
55,-1.168613473,1.42E-13,-4.01E-13,1.088665028,1.76E+02
56,-1.869783739,1.46E-13,-4.04E-13,1.64276993,1.72E+02
57,-2.229403643,1.50E-13,-4.07E-13,2.050535178,1.75E+02
58,-2.376490852,1.54E-13,-4.07E-13,2.162030611,1.74E+02
59,-2.39339043,1.58E-13,-4.05E-13,2.560773591,1.83E+02
60,-2.332517432,1.62E-13,-4.02E-13,3.108434757,1.92E+02
61,-2.227103479,1.66E-13,-3.98E-13,3.067958273,1.94E+02
62,-2.098093954,1.70E-13,-3.97E-13,2.520315115,1.89E+02
63,-1.958574006,1.74E-13,-3.94E-13,1.420428278,1.50E+02
64,-1.816608155,1.78E-13,-3.90E-13,2.514168635,1.94E+02
65,-1.677061544,1.83E-13,-3.85E-13,2.29868546,1.94E+02
66,-1.54276752,1.87E-13,-3.79E-13,1.726112497,1.86E+02
67,-1.415275667,1.91E-13,-3.73E-13,1.38399208,1.79E+02
68,-1.295330598,1.95E-13,-3.68E-13,1.077817901,1.67E+02
69,-1.183177981,1.99E-13,-3.63E-13,0.985707098,1.67E+02
70,-1.078759756,2.04E-13,-3.57E-13,2.166230279,2.04E+02
71,-0.981838295,2.08E-13,-3.49E-13,1.381765283,1.95E+02
72,-0.892075014,2.12E-13,-3.42E-13,0.672027273,1.14E+02
73,-0.809079843,2.16E-13,-3.34E-13,0.570493782,1.37E+02
74,-0.732442031,2.20E-13,-3.26E-13,0.730336377,1.80E+02
75,-0.661749051,2.25E-13,-3.17E-13,0.686634026,8.80E+01
76,-0.596597929,2.29E-13,-3.11E-13,1.470030905,6.21E+01
77,-0.536601746,2.33E-13,-3.04E-13,1.932192031,5.70E+01
78,-0.481393125,2.37E-13,-2.98E-13,0.487121309,8.93E+01
79,-0.430625801,2.42E-13,-2.92E-13,0.328351114,1.13E+02
80,-0.383975027,2.46E-13,-2.83E-13,1.068696744,60.05742872
81,-0.341137271,2.50E-13,-2.76E-13,0.940402128,60.16119224
82,-0.301829491,2.54E-13,-2.69E-13,1.386341074,2.16E+02
83,-0.265788186,2.58E-13,-2.65E-13,0.856944278,2.12E+02
84,-0.232768327,2.63E-13,-2.60E-13,1.135466784,53.72413302
85,-0.202542252,2.67E-13,-2.55E-13,0.764657541,56.05114665
86,-0.174898568,2.71E-13,-2.50E-13,0.491916014,2.10E+02
87,-0.149641073,2.75E-13,-2.45E-13,0.336552803,63.42504595
88,-0.126587731,2.79E-13,-2.40E-13,1.088135495,50.10083174
89,-0.105569697,2.84E-13,-2.34E-13,0.134814402,1.91E+02
90,-0.086430402,2.88E-13,-2.24E-13,1.093275263,2.21E+02
91,-0.069024688,2.92E-13,-2.10E-13,0.144413882,2.05E+02
92,-0.053218001,2.96E-13,-1.99E-13,0.070376,77.3369002
93,-0.038885644,3.00E-13,-1.87E-13,0.433253449,48.79123563
94,-0.025912072,3.05E-13,-1.76E-13,0.506170443,47.25353628
95,-0.01419024,3.09E-13,-1.65E-13,0.150459543,48.87671611
96,-0.003620995,3.13E-13,-1.51E-13,0.170980166,45.91852637
97,0.005887487,3.17E-13,-1.36E-13,0.039825899,2.31E+02
98,0.014420229,3.21E-13,-1.23E-13,0.072157609,2.33E+02
99,0.022055941,3.26E-13,-1.12E-13,0.136586375,2.32E+02
100,0.028867472,3.30E-13,-1.02E-13,0.3758973,2.28E+02
101,0.035134866,7.670974709,0.003413902,7.561371251,2.71E+02
102,0.040764664,13.93955529,0.004854657,14.35236308,2.69E+02
103,0.045481654,17.74732155,0.004383656,17.49679187,2.71E+02
104,0.04948276,20.00959646,0.003071842,21.43116931,2.66E+02
105,0.052978112,21.31145929,0.00158714,20.20615739,2.73E+02
106,0.056078848,22.0194747,2.72E-04,21.97133964,2.70E+02
107,0.058820385,22.36304335,-7.40E-04,22.07894982,2.71E+02
108,0.061205258,22.48553204,-0.001436788,21.16670493,2.74E+02
109,0.063231271,22.47635838,-0.001855919,22.59011708,2.70E+02
110,0.064903575,22.39112299,-0.002055867,21.65193051,2.72E+02
111,0.066237005,22.26424082,-0.002094935,23.1307323,2.68E+02
112,0.067254118,22.11686559,-0.002023743,21.75582464,2.71E+02
113,0.067982078,21.96186045,-0.001882743,22.42377284,2.69E+02
114,0.068449837,21.80691509,-0.001702442,21.51913073,2.71E+02
115,0.068686073,21.65649991,-0.001504763,22.90198535,2.67E+02
116,0.068717893,21.51309039,-0.001304739,21.48080793,2.70E+02
117,0.068570148,21.37793374,-0.001112134,21.63784598,2.69E+02
118,0.068265186,21.25152823,-9.33E-04,21.6462197,2.69E+02
119,0.067822866,21.13392256,-7.70E-04,21.59140834,2.69E+02
120,0.067260727,21.02490227,-6.25E-04,20.10748575,2.73E+02
121,0.066594221,20.92410528,-4.97E-04,21.03630007,2.70E+02
122,0.065836974,20.83109332,-3.87E-04,20.89507448,2.70E+02
123,0.065001024,20.74539542,-2.92E-04,20.50701575,2.71E+02
124,0.064097048,20.66653429,-2.12E-04,20.55552451,2.70E+02
125,0.063134548,20.59404174,-1.44E-04,21.29634396,2.68E+02
126,0.062122015,20.52746749,-8.81E-05,20.70270357,2.70E+02
127,0.061067062,20.46638383,-4.17E-05,20.91739714,2.69E+02
128,0.059976537,20.41038774,-3.73E-06,20.32132594,2.70E+02
129,0.058856614,20.35910145,2.69E-05,20.85993697,2.69E+02
130,0.057712868,20.3121721,5.13E-05,20.44318449,2.70E+02
131,0.056550341,20.26927093,7.04E-05,20.55857951,2.69E+02
132,0.055373595,2.02E+01,8.50E-05,19.93789777,2.71E+02
133,0.054186756,20.19435137,9.60E-05,19.39908275,2.73E+02
134,0.052993556,20.16178496,1.04E-04,21.12296866,2.68E+02
135,0.051797366,20.13214805,1.09E-04,19.85148788,2.71E+02
136,0.050601227,20.1052136,1.12E-04,20.13070643,2.70E+02
137,0.049407878,20.08077111,1.14E-04,19.79393365,2.71E+02
138,0.048219779,20.05862549,1.14E-04,19.58848749,2.72E+02
139,0.047039135,20.038596,1.13E-04,20.45162918,2.69E+02
140,0.045867918,20.02051517,1.11E-04,19.11537196,2.73E+02
141,0.044707881,20.00422792,1.08E-04,18.78413422,2.74E+02
142,0.043560579,19.98959064,1.05E-04,20.09273237,2.70E+02
143,0.042427384,19.97647038,1.02E-04,19.65358365,2.71E+02
144,0.041309502,19.96474411,9.81E-05,20.6075095,2.68E+02
145,0.040207982,19.95429796,9.43E-05,19.90392754,2.70E+02
146,0.039123733,19.94502659,9.04E-05,21.1857131,2.67E+02
147,0.038057534,19.93683258,8.66E-05,19.15918594,2.72E+02
148,0.037010044,19.92962582,8.27E-05,20.24364089,2.69E+02
149,0.035981816,19.92332304,7.89E-05,20.0974808,2.70E+02
150,0.034973302,19.91784726,7.52E-05,21.18735008,2.67E+02
151,0.033239486,12.24215264,-0.00357691,12.52875528,2.69E+02
152,0.032708914,5.969542146,-0.0044749,6.235352748,2.68E+02
153,0.032327359,2.158375757,-0.003629327,2.444917911,2.64E+02
154,0.031781851,-0.106725621,-0.002261094,0.054052776,1.46E+02
155,0.031085012,-1.41089311,-9.27E-04,1.572419451,83.36781558
156,0.030295542,-2.120739087,1.51E-04,2.560105506,80.32636257
157,0.02945832,-2.465708126,9.22E-04,1.830389544,1.16E+02
158,0.028600538,-2.589207453,0.001413554,3.529355732,76.03508038
159,0.027737868,-2.580691932,0.001678779,1.836102439,1.28E+02
160,0.026879681,-2.495796459,0.001776423,1.882713389,1.14E+02
161,0.026032027,-2.368967581,0.001758065,3.223934687,76.07639741
162,0.025199086,-2.221388092,0.001665055,1.901066159,9.98E+01
163,0.024383837,-2.065947866,0.001528501,1.864104749,9.58E+01
164,0.023588375,-1.910361179,0.001370658,2.143269185,83.52033089
165,0.022814103,-1.759121,0.001206724,1.579564676,9.60E+01
166,0.022061871,-1.614723535,0.001046557,1.997461293,79.37513879
167,0.021332095,-1.478434969,8.96E-04,2.066100962,75.02341697
168,0.020624854,-1.350770997,7.59E-04,0.954060633,1.42E+02
169,0.019939983,-1.231796263,6.36E-04,0.868195044,1.41E+02
170,0.019277141,-1.121310855,5.27E-04,2.508812484,63.47581047
171,0.018635867,-1.018966044,4.33E-04,0.740022048,1.18E+02
172,0.018015621,-0.924335695,3.51E-04,0.64436913,1.38E+02
173,0.017415819,-0.836959955,2.81E-04,0.747867994,9.58E+01
174,0.016835852,-0.756371614,2.22E-04,1.309860176,68.6611456
175,0.016275104,-0.682111675,1.72E-04,0.812714973,80.41963709
176,0.01573296,-0.613738216,1.30E-04,0.924802638,72.27400165
177,0.015208816,-0.550831103,9.54E-05,1.435261485,60.55515703
178,0.014702079,-0.49299417,6.64E-05,0.560185699,82.14537793
179,0.014212175,-0.439855847,4.25E-05,0.347362142,1.64E+02
180,0.013738545,-0.391068885,2.29E-05,0.479081805,1.91E+02
181,0.01328065,-0.346309547,6.98E-06,0.697951674,2.05E+02
182,0.012837966,-0.305276517,-5.92E-06,1.248939969,2.15E+02
183,0.012409989,-0.267689667,-1.62E-05,0.598374865,62.64803117
184,0.011996231,-0.23328878,-2.44E-05,0.715738982,57.77276742
185,0.011596221,-0.201832277,-3.08E-05,1.13680463,2.18E+02
186,0.011209503,-0.17309598,-3.58E-05,1.30891927,2.19E+02
187,0.010835638,-0.146871925,-3.95E-05,0.455484035,57.28462006
188,0.010474199,-0.122967248,-4.22E-05,1.200721644,49.16536834
189,0.010124777,-0.101203127,-4.40E-05,0.701067184,50.47039318
190,0.009786973,-0.081413792,-4.52E-05,1.20732666,2.22E+02
191,0.009460403,-0.063445608,-4.59E-05,0.506143849,2.20E+02
192,0.009144696,-0.047156203,-4.61E-05,0.729832932,47.3464117
193,0.008839493,-0.032413674,-4.60E-05,0.464299402,2.23E+02
194,0.008544445,-0.019095838,-4.56E-05,0.077809769,50.52089725
195,0.008259218,-0.007089531,-4.50E-05,0.799410791,2.25E+02
196,0.007983486,0.00371003,-4.43E-05,0.175765771,2.28E+02
197,0.007716935,0.013399856,-4.34E-05,0.402162525,43.02142549
198,0.00745926,0.022069739,-4.24E-05,0.08247543,2.40E+02
199,0.007210168,0.029802774,-4.14E-05,0.786121249,43.38647186
200,0.006969374,0.036675843,-4.03E-05,1.652797109,44.53900739
201,0.019246657,0.036231869,27.87747594,0.596282235,41.45751998
202,0.019842618,0.035706687,47.60586725,0.643406846,2.28E+02
203,0.015748763,0.037381432,61.33839294,0.04111252,3.39E+02
204,0.010542066,0.040510348,70.93737316,2.011514284,2.25E+02
205,0.005660807,0.044231403,77.67842378,1.341141028,2.26E+02
206,0.001598408,0.048022803,82.43659336,0.562326852,41.64657027
207,-0.001543793,0.051626912,85.81325124,1.220669805,2.26E+02
208,-0.003823859,0.054932995,88.22261533,0.341778477,2.31E+02
209,-0.005360069,0.057901758,89.95078168,1.441867543,44.06722656
210,-0.006286355,0.060526058,91.19601587,0.571790042,2.29E+02
211,-0.006731543,0.062812604,92.09627197,0.856075507,2.27E+02
212,-0.006810043,0.06477411,92.74800342,0.622131052,41.47657711
213,-0.006618525,0.066426119,93.219034,0.486785639,2.30E+02
214,-0.00623579,0.067785725,93.55737579,0.796078356,2.28E+02
215,-0.005724284,0.068870966,93.79727946,0.521453353,2.30E+02
216,-0.005132311,0.069700419,93.9633936,0.263683271,2.35E+02
217,-0.004496432,0.07029286,94.07363073,1.897717165,44.30971749
218,-0.00384373,0.070666951,94.14114778,0.163773203,28.32737897
219,-0.00319382,0.070840974,94.17571935,0.326192886,2.33E+02
220,-0.002560535,0.070832614,94.18469404,1.476925365,43.68987848
221,-0.001953308,0.070658796,94.17366363,0.594019343,2.30E+02
222,-0.001378268,0.070335578,94.14693424,0.924349108,2.28E+02
223,-8.39E-04,0.069878077,94.10786033,0.216701841,2.38E+02
224,-3.38E-04,0.069300447,94.05908332,1.060495331,42.77722334
225,1.25E-04,0.068615868,94.0027038,0.477508457,39.36218587
226,5.50E-04,0.067836569,93.94040688,0.91734962,42.33912055
227,9.38E-04,0.066973856,93.87355459,0.970840221,2.28E+02
228,0.001290078,0.066038148,93.80325475,1.474484151,2.26E+02
229,0.001607949,0.065039031,93.73041296,0.368435441,37.81534163
230,0.001893472,0.063985298,93.65577236,1.100823914,42.99914442
231,0.00214853,0.062885005,93.57994438,0.169511947,29.3529207
232,0.002375037,0.061745512,93.50343283,0.382809361,2.32E+02
233,0.002574892,0.060573538,93.42665306,0.632466362,2.29E+02
234,0.002749955,0.059375204,93.34994721,0.361465122,2.32E+02
235,0.002902026,0.058156074,93.27359664,0.424246675,2.31E+02
236,0.003032832,0.056921202,93.19783199,1.220766296,43.47368894
237,0.003144022,0.055675164,93.12284149,1.117567962,2.27E+02
238,0.003237158,0.0544221,93.04877783,0.237569826,35.23047619
239,0.003313718,0.053165746,92.97576389,1.009598536,43.11914807
240,0.003375092,0.051909464,92.90389745,0.507565449,40.78927776
241,0.003422583,0.050656274,92.83325521,1.263199983,43.74111578
242,0.003457415,0.049408882,92.76389616,0.427996247,40.16623925
243,0.003480727,0.048169702,92.69586439,0.124287205,2.42E+02
244,0.003493583,0.046940883,92.6291915,0.899628492,43.07179706
245,0.003496973,0.04572433,92.56389857,0.070863293,2.54E+02
246,0.003491815,0.044521723,92.49999794,0.22168768,36.29214966
247,0.003478962,0.043334538,92.43749459,0.194122207,35.27296715
248,0.003459205,0.042164061,92.37638742,0.238087725,2.33E+02
249,0.003433271,0.04101141,92.31667025,0.9347664,2.27E+02
250,0.003401837,0.039877542,92.25833272,0.60354628,2.28E+02
251,-0.011186581,0.036056718,64.3252156,0.83793735,44.11348308
252,-0.013767186,0.030012198,44.54191855,1.813729712,2.25E+02
253,-0.011281106,0.025895613,30.75538539,0.185216488,2.28E+02
254,-0.007465007,0.023636135,21.10344341,0.752911043,2.26E+02
255,-0.003801512,0.022510582,14.31056512,0.297633337,42.56934444
256,-7.62E-04,0.021982799,9.501750276,0.140140745,38.91424003
257,0.001583194,0.021749264,6.075650876,0.587298832,43.6096087
258,0.003305465,0.021654121,3.618052449,0.775914184,2.26E+02
259,0.004515807,0.021619754,1.842850542,0.839453,2.26E+02
260,0.005324502,0.021606853,0.551763574,1.218794319,44.54981494
261,0.005827433,0.021594345,-0.393183417,0.157223851,2.32E+02
262,0.006102839,0.021570035,-1.088467659,1.745021695,44.99200419
263,0.006212247,0.021526427,-1.601938461,0.737018461,43.74764162
264,0.006202876,0.021458858,-1.981634237,0.779072988,43.84895793
265,0.006110326,0.021364612,-2.261832306,0.386857892,2.28E+02
266,0.005961065,0.021242417,-2.467207842,0.269636736,41.01524932
267,0.005774543,0.021092097,-2.615699641,1.894093839,2.25E+02
268,0.005564905,0.020914302,-2.720490448,0.716782708,2.26E+02
269,0.005342332,0.020710281,-2.791380169,0.578118995,43.38951083
270,0.005114074,0.020481691,-2.835742098,0.093184928,2.36E+02
271,0.00488523,0.020230452,-2.859192117,0.30769296,2.28E+02
272,0.004659334,0.019958628,-2.866059825,0.683331546,2.26E+02
273,0.004438779,0.019668337,-2.859722528,0.864090792,2.26E+02
274,0.004225142,0.01936169,-2.842843928,1.650408056,45.02019639
275,0.004019409,0.019040743,-2.81754626,0.445711734,43.07103261
276,0.003822148,0.018707464,-2.785535715,0.855803484,2.26E+02
277,0.003633626,0.01836372,-2.748194835,1.07180748,44.5592005
278,0.003453903,0.01801126,-2.706651411,0.620319194,43.82717375
279,0.003282891,0.017651713,-2.661830484,0.194456206,40.71188349
280,0.003120403,0.017286585,-2.614494107,0.140769693,2.31E+02
281,0.002966184,0.016917263,-2.565272125,0.138224823,39.21947558
282,0.002819935,0.016545017,-2.514686297,1.008630329,44.58931215
283,0.002681332,0.016171004,-2.463169419,0.476491093,2.26E+02
284,0.002550036,0.01579628,-2.411080645,0.135412833,2.30E+02
285,0.002425703,0.015421796,-2.358717884,1.096430203,44.73855444
286,0.002307991,0.015048415,-2.306327905,0.247560498,42.25364747
287,0.002196563,0.014676909,-2.254114657,0.326821721,2.27E+02
288,0.002091088,0.014307973,-2.202246135,0.141938612,2.30E+02
289,0.00199125,0.013942226,-2.150860103,0.16856743,2.29E+02
290,0.001896742,0.013580216,-2.100068867,1.782494495,45.29214303
291,0.001807271,0.013222431,-2.049963277,0.064749803,35.58278825
292,0.001722556,0.012869296,-2.000616099,0.498442101,2.26E+02
293,0.001642332,0.012521186,-1.952084849,0.463096596,2.26E+02
294,0.001566345,0.012178424,-1.904414194,1.46866749,45.15090599
295,0.001494355,0.011841288,-1.857637975,0.367871459,2.26E+02
296,0.001426135,0.011510016,-1.811780932,0.603127971,2.26E+02
297,0.00136147,0.011184806,-1.766860153,1.082009918,44.92095227
298,0.001300158,0.010865823,-1.722886313,0.044900587,33.97571174
299,0.001242007,0.010553198,-1.679864721,0.071112658,38.29508037
300,0.001186837,0.010247037,-1.637796207,0.608010453,2.26E+02
